D,D_err,Dd,Dd_err
1.83141696337625e-11,4.03569402663421e-14,5.4446711926286e-12,1.37944486761443e-14
