D,D_err,Dd,Dd_err
2.57437114217893e-11,1.10533385374228e-13,7.78513642491172e-12,1.93549187151249e-14
