D,D_err,Dd,Dd_err
3.15752936268708e-11,3.82717585611791e-13,7.07533358391236e-12,1.70295886813882e-14
