D,D_err,Dd,Dd_err
1.29927471727474e-11,1.84495362993014e-14,7.34177894483593e-12,1.08569886112835e-14
