D,D_err,Dd,Dd_err,f0,fd0,finf,fdinf
1.29927471727474e-11,1.84495362993014e-14,7.34177894483593e-12,1.08569886112835e-14,0.102871153868466,0.0566220595613478,0.478496742656917,0.391702850527869
